 Elapsed time:	  Average time:	 
   0.0036310000,		 0.0000001210
